code,d0,d_end,ep_len,d0_dominant,wall_price,wall_qty,wall_max_price,close_end,low_end,dist_pct,same_day_break,avail_days,cls,cls_low,break_day,touch_day,reclaim_day,days_to_c,reclaim_day_low,break_before_c_low,break_depth,name,market,leader_bucket,ix_trend,hi52_pos,ma_pos,d_candle,ratio,rs_pct,c_date,fwd1,fwd3,fwd5,fwd10,fwd20,mfe10,mae10,hold_wall,hold_break_low,hold_close_end
000270,20260409,20260414,4,true,150200.0,6444,151000,149200.0,149100.0,-0.0066577896138482195,true,10,되돌림만,되돌림만,,,20260415,1,20260415,false,,기아,KOSPI,비주도주,지수>MA20,52주 고가 20%+ 아래,MA20 아래,당일 음봉,1.7633485248260974,0.5295081967213114,20260415,0.042244224422442134,0.038943894389438904,0.05610561056105601,0.035643564356435675,0.10891089108910901,0.08778877887788772,0.003960396039603964,true,,true
000270,20260724,20260727,2,true,127500.0,7019,127500,130400.0,127200.0,0.02274509803921565,true,10,깸→되돌림(트릭),깸→되돌림(트릭),20260728,20260728,20260731,4,20260731,true,-0.10039215686274505,기아,KOSPI,비주도주,지수<MA20,52주 고가 20%+ 아래,MA20 아래,당일 음봉,2.4079031230082855,0.36432160804020103,20260731,-0.01743745261561791,0.00833965125094771,0.022744503411675554,0.07429871114480657,-0.006823351023502622,0.07960576194086433,-0.04169825625473844,false,true,false
000270,20260827,20260827,1,true,125000.0,18666,125000,126100.0,125000.0,0.008799999999999919,false,4,되돌림만,되돌림만,20260902,20260902,20260828,1,20260828,false,,기아,KOSPI,비주도주,지수>MA20,52주 고가 20%+ 아래,MA20 아래,당일 음봉,1.8791489668082655,0.21534653465346534,20260828,0.0234375,-0.028124999999999956,,,,,,,,
000500,20260612,20260615,2,false,250000.0,6581,250000,252000.0,246500.0,0.008000000000000007,true,10,되돌림만,되돌림만,,,20260616,1,20260616,false,,가온전선,KOSPI,주도주(RS상위20%),지수>MA20,52주 고가 20%+ 아래,MA20 아래,당일 음봉,3.318045112781955,0.9303904923599321,20260616,0.299047619047619,0.2857142857142858,0.2628571428571429,-0.1104761904761905,-0.18095238095238098,0.6361904761904762,-0.1980952380952381,false,,false
000660,20260610,20260611,2,true,1963000.0,6056,1963000,2101000.0,1960000.0,0.07030056036678545,true,10,되돌림만,되돌림만,,,20260612,1,20260612,false,,SK하이닉스,KOSPI,주도주(RS상위20%),지수<MA20,52주 고가 5–20% 아래,MA20 아래,당일 음봉,1.5207630417856215,0.9584664536741214,20260612,0.06418604651162796,0.17255813953488364,0.2855813953488373,0.2432558139534884,0.013953488372093092,0.38930232558139544,0.05348837209302326,true,,true
000720,20260602,20260602,1,true,130000.0,18475,130000,134200.0,129500.0,0.03230769230769237,true,10,되돌림만,되돌림만,20260605,20260605,20260604,1,20260604,false,,현대건설,KOSPI,주도주(RS상위20%),지수>MA20,52주 고가 20%+ 아래,MA20 아래,당일 음봉,1.9400860432747058,0.81169757489301,20260604,-0.034407027818448066,-0.10468521229868233,-0.10175695461200585,-0.024890190336749662,-0.15666178623718885,0.15446559297218165,-0.15739385065885803,false,,false
003490,20260403,20260407,3,true,22800.0,74055,22800,23100.0,23000.0,0.013157894736842035,false,10,되돌림만,되돌림만,,,20260408,1,20260408,false,,대한항공,KOSPI,비주도주,지수<MA20,52주 고가 20%+ 아래,MA20 아래,당일 음봉,1.858473534106073,0.18064516129032257,20260408,-0.028056112224448926,-0.04008016032064132,-0.006012024048096198,0.01002004008016022,0.08416833667334678,0.03306613226452915,-0.04609218436873752,true,,true
004370,20260715,20260715,1,true,340000.0,1187,340000,342500.0,339000.0,0.007352941176470562,true,10,되돌림만,되돌림만,20260720,20260720,20260716,1,20260716,false,,농심,KOSPI,비주도주,지수<MA20,52주 고가 20%+ 아래,MA20 아래,당일 음봉,1.8853118712273642,0.2574712643678161,20260716,-0.0014306151645206988,0.0042918454935623185,0.05150214592274671,0.09585121602288993,0.251788268955651,0.14020028612303292,-0.03576537911301858,false,,false
005290,20260303,20260303,1,true,55000.0,26430,55000,52900.0,52500.0,-0.038181818181818206,true,10,깸→되돌림(트릭),깸→되돌림(트릭),20260304,20260304,20260306,3,20260306,true,-0.18181818181818177,동진쎄미켐,KOSDAQ,비주도주,지수<MA20,52주 고가 5–20% 아래,MA20 아래,당일 음봉,2.0750649193791895,0.6859838274932615,20260306,-0.10272727272727278,-0.08545454545454545,-0.08909090909090911,-0.0945454545454546,-0.1636363636363637,-0.021818181818181848,-0.12090909090909085,false,true,false
005380,20260827,20260828,2,true,395000.0,11570,395000,399500.0,397500.0,0.0113924050632912,false,3,깸→되돌림(트릭),깸→되돌림(트릭),20260831,20260831,20260831,1,20260831,true,-0.020253164556962022,현대차,KOSPI,비주도주,지수>MA20,52주 고가 20%+ 아래,MA20 아래,당일 음봉,2.22174892945684,0.2079207920792079,20260831,-0.0074349442379182396,,,,,,,,,
005490,20260323,20260323,1,true,325000.0,13371,325000,325000.0,325000.0,0.0,false,10,되돌림만,되돌림만,,,20260324,1,20260324,false,,POSCO홀딩스,KOSPI,비주도주,지수<MA20,52주 고가 20%+ 아래,MA20 아래,당일 음봉,1.5880418821426292,0.3240058910162003,20260324,0.007363770250368162,0.010309278350515427,-0.020618556701030966,0.01767304860088359,0.2415316642120766,0.06627393225331368,-0.03681885125184092,true,,true
006650,20260810,20260818,6,true,85100.0,2243,85100,86400.0,85200.0,0.01527614571092828,false,10,깸→되돌림(트릭),깸→되돌림(트릭),20260819,20260819,20260826,6,20260826,true,-0.06815511163337251,대한유화,KOSPI,유니버스 밖,지수<MA20,52주 고가 20%+ 아래,MA20 아래,당일 음봉,1.5763044331110239,,20260826,0.017045454545454586,0.09318181818181825,0.045454545454545414,,,,,,,
006800,20251106,20251107,2,true,22500.0,134814,22500,23100.0,22550.0,0.026666666666666616,false,10,되돌림만,되돌림만,20251118,20251118,20251110,1,20251110,false,,미래에셋증권,KOSPI,비주도주,지수>MA20,52주 고가 5–20% 아래,MA20 아래,당일 음봉,2.7473968077831254,0.7944111776447106,20251110,-0.03974895397489542,0.027196652719665204,-0.03556485355648531,-0.11297071129707115,-0.08368200836820083,0.04184100418410042,-0.12133891213389125,false,,false
007660,20260615,20260615,1,true,118000.0,10432,123700,118900.0,118100.0,0.007627118644067732,false,10,되돌림만,되돌림만,20260619,20260619,20260616,1,20260616,false,,이수페타시스,KOSPI,비주도주,지수>MA20,52주 고가 20%+ 아래,MA20 아래,당일 음봉,1.6824757281553397,0.1579861111111111,20260616,0.008130081300812941,-0.06422764227642275,-0.12113821138211378,-0.06178861788617884,-0.20406504065040654,0.047154471544715415,-0.1707317073170732,false,,false
007660,20260703,20260708,4,true,95100.0,5655,95100,87800.0,87100.0,-0.0767613038906414,true,10,깸→되돌림(트릭),깸→되돌림(트릭),20260709,20260709,20260709,1,20260709,true,-0.10094637223974767,이수페타시스,KOSPI,비주도주,지수<MA20,52주 고가 20%+ 아래,MA20 아래,당일 음봉,1.6754057428214733,0.34754797441364604,20260709,0.130718954248366,0.06644880174291945,0.002178649237472685,-0.05228758169934644,-0.10348583877995643,0.17647058823529416,-0.09477124183006536,false,false,false
009420,20260421,20260422,2,true,48500.0,5701,48500,48250.0,47700.0,-0.005154639175257714,true,10,깸→되돌림(트릭),되돌림만,20260423,20260423,20260423,1,20260423,false,-0.0010309278350515427,한올바이오파마,KOSPI,비주도주,지수>MA20,52주 고가 20%+ 아래,MA20 아래,당일 음봉,1.7180204482632297,0.546142208774584,20260423,0.023809523809523725,0.021825396825396748,-0.059523809523809534,-0.08531746031746035,0.17261904761904767,0.06150793650793651,-0.12996031746031744,false,false,false
009540,20251226,20251226,1,true,401000.0,7143,401000,403000.0,401500.0,0.004987531172069737,false,10,깸→되돌림(트릭),깸→되돌림(트릭),20251229,20251229,20251229,1,20251229,true,-0.007481296758104716,HD한국조선해양,KOSPI,비주도주,지수>MA20,52주 고가 5–20% 아래,MA20 아래,당일 음봉,3.7304466883450282,0.4012605042016807,20251229,-0.008526187576126665,-0.023142509135200995,0.018270401948842885,0.04141291108404377,0.02923264311814866,0.1278928136419002,-0.062119366626065764,false,false,false
009540,20260210,20260212,3,true,390000.0,11322,390000,397000.0,391000.0,0.017948717948717885,false,10,되돌림만,되돌림만,20260304,20260304,20260213,1,20260213,false,,HD한국조선해양,KOSPI,비주도주,지수>MA20,52주 고가 20%+ 아래,MA20 아래,당일 음봉,1.5562852451995146,0.14893617021276595,20260213,0.06289308176100628,0.1874213836477987,0.17610062893081757,0.023899371069182385,0.040251572327044016,0.1924528301886792,-0.0591194968553459,false,,false
009540,20260715,20260715,1,true,333000.0,1585,335000,335000.0,327000.0,0.006006006006006093,true,10,되돌림만,되돌림만,20260721,20260721,20260716,1,20260716,false,,HD한국조선해양,KOSPI,비주도주,지수<MA20,52주 고가 20%+ 아래,MA20 아래,당일 음봉,2.6504816955684007,0.19770114942528735,20260716,-0.039548022598870025,-0.0014124293785310327,0.05084745762711873,0.08615819209039555,0.09039548022598876,0.09887005649717517,-0.11299435028248583,false,,false
009830,20260703,20260708,4,true,29500.0,25393,29700,29850.0,29300.0,0.011864406779660941,true,10,되돌림만,되돌림만,20260714,20260714,20260709,1,20260709,false,,한화솔루션,KOSPI,비주도주,지수<MA20,52주 고가 20%+ 아래,MA20 아래,당일 음봉,1.648276757318102,0.5714285714285714,20260709,0.03571428571428581,-0.030844155844155896,-0.10389610389610393,-0.025974025974025983,0.10064935064935066,0.12337662337662336,-0.17207792207792205,false,,false
010060,20260515,20260521,5,true,280000.0,2372,271000,280500.0,270000.0,0.0017857142857142794,true,10,되돌림만,되돌림만,20260608,20260608,20260522,1,20260522,false,,OCI홀딩스,KOSPI,주도주(RS상위20%),지수>MA20,52주 고가 20%+ 아래,MA20 아래,당일 음봉,1.5244998876151945,0.8683870967741936,20260522,0.1446740858505564,0.1573926868044515,0.11605723370429244,-0.18600953895071537,-0.31319554848966613,0.3163751987281398,-0.26073131955484896,false,,false
010060,20260609,20260610,2,true,258000.0,3103,258000,263500.0,258000.0,0.02131782945736438,false,10,깸→되돌림(트릭),깸→되돌림(트릭),20260611,20260611,20260611,1,20260611,true,-0.01744186046511631,OCI홀딩스,KOSPI,주도주(RS상위20%),지수>MA20,52주 고가 20%+ 아래,MA20 아래,당일 음봉,1.5485722093182128,0.8944099378881988,20260611,0.05820105820105814,0.12169312169312163,-0.042328042328042326,-0.2557319223985891,-0.35379188712522047,0.18342151675485008,-0.2821869488536155,false,false,false
010120,20250925,20250929,3,true,273000.0,2689,273000,274500.0,273000.0,0.005494505494505475,false,10,되돌림만,되돌림만,,,20250930,1,20250930,false,,LS ELECTRIC,KOSPI,비주도주,지수>MA20,52주 고가 5–20% 아래,MA20 아래,당일 음봉,1.5052200449726951,0.6601731601731602,20250930,0.01581722319859402,0.06151142355008776,0.03514938488576447,0.09314586994727603,0.687170474516696,0.15377855887521963,0.0017574692442883233,true,,true
011070,20260619,20260619,1,true,1220000.0,4611,1220000,1145000.0,1122000.0,-0.061475409836065587,true,10,깸만,깸만,20260622,20260622,,,,false,,LG이노텍,KOSPI,주도주(RS상위20%),지수>MA20,52주 고가 20%+ 아래,MA20 아래,당일 음봉,2.037326995666154,0.9538745387453874,,,,,,,,,,,
011170,20260205,20260206,2,true,72000.0,4513,72000,72900.0,71400.0,0.012499999999999956,true,10,되돌림만,되돌림만,,,20260209,1,20260209,false,,롯데케미칼,KOSPI,비주도주,지수>MA20,52주 고가 5–20% 아래,MA20 아래,당일 음봉,2.0425780420471438,0.36046511627906974,20260209,0.022696929238985364,0.09479305740987987,0.08144192256341798,0.2016021361815754,-0.05473965287049398,0.33778371161548737,0.006675567423231055,true,,true
011170,20260810,20260818,6,true,56000.0,4631,56000,55700.0,55100.0,-0.005357142857142838,true,10,깸→되돌림(트릭),깸→되돌림(트릭),20260819,20260819,20260826,6,20260826,true,-0.05535714285714288,롯데케미칼,KOSPI,비주도주,지수<MA20,52주 고가 20%+ 아래,MA20 아래,당일 음봉,2.5193555955267066,0.2560646900269542,20260826,0.007017543859649145,0.03684210526315779,0.0052631578947368585,,,,,,,
011210,20260821,20260828,6,true,59100.0,1854,59100,59700.0,58000.0,0.010152284263959421,true,3,깸→되돌림(트릭),깸→되돌림(트릭),20260831,20260831,20260831,1,20260831,true,-0.03384094754653133,현대위아,KOSPI,비주도주,지수>MA20,52주 고가 20%+ 아래,MA20 아래,당일 음봉,2.7987441130298274,0.24494949494949494,20260831,-0.01666666666666672,,,,,,,,,
011790,20260211,20260213,3,true,109300.0,6890,109300,108200.0,106600.0,-0.010064043915828047,true,10,깸→되돌림(트릭),되돌림만,20260219,20260219,20260219,1,20260219,false,-0.0027447392497712553,SKC,KOSPI,비주도주,지수>MA20,52주 고가 20%+ 아래,MA20 아래,당일 음봉,1.829269908572943,0.19386331938633194,20260219,-0.015957446808510634,0.0008865248226950229,-0.0035460992907800915,-0.08156028368794332,-0.11879432624113473,0.05053191489361697,-0.21985815602836878,false,false,false
011790,20260618,20260623,4,true,110000.0,4682,110000,105600.0,105500.0,-0.040000000000000036,true,10,깸→되돌림(트릭),깸→되돌림(트릭),20260624,20260624,20260624,1,20260624,true,-0.07272727272727275,SKC,KOSPI,비주도주,지수>MA20,52주 고가 20%+ 아래,MA20 아래,당일 음봉,1.8261517555779598,0.44464609800362975,20260624,0.020599250936329527,0.03370786516853941,-0.0196629213483146,-0.16947565543071164,-0.17790262172284643,0.09363295880149813,-0.17509363295880154,false,false,false
012330,20260413,20260413,1,true,388500.0,3070,388500,391500.0,386500.0,0.007722007722007707,true,10,되돌림만,되돌림만,,,20260414,1,20260414,false,,현대모비스,KOSPI,비주도주,지수>MA20,52주 고가 20%+ 아래,MA20 아래,당일 음봉,1.6198977130174659,0.36885245901639346,20260414,0.025925925925925908,0.05432098765432092,0.10370370370370363,0.10370370370370363,0.6049382716049383,0.16543209876543208,0.013580246913580174,true,,true
012330,20260827,20260828,2,true,448000.0,4582,448000,450500.0,447750.0,0.005580357142857206,true,3,깸→되돌림(트릭),깸→되돌림(트릭),20260831,20260831,20260831,1,20260831,true,-0.0323660714285714,현대모비스,KOSPI,비주도주,지수>MA20,52주 고가 20%+ 아래,MA20 아래,당일 음봉,1.5936162406750642,0.5841584158415841,20260831,-0.022050716648291058,,,,,,,,,
014680,20260814,20260821,5,true,196000.0,2017,196000,201000.0,196300.0,0.025510204081632626,false,8,되돌림만,되돌림만,20260825,20260825,20260824,1,20260824,false,,한솔케미칼,KOSPI,비주도주,지수>MA20,52주 고가 20%+ 아래,MA20 아래,당일 음봉,4.008104738154613,0.1815856777493606,20260824,0.0,0.004878048780487809,0.009756097560975618,,,,,,,
015760,20260227,20260304,3,true,45000.0,66928,45000,45550.0,44600.0,0.012222222222222134,true,10,되돌림만,되돌림만,20260309,20260309,20260305,1,20260305,false,,한국전력,KOSPI,비주도주,지수>MA20,52주 고가 5–20% 아래,MA20 아래,당일 음봉,3.550567703000263,0.5285326086956522,20260305,0.012448132780082943,-0.012448132780082943,-0.012448132780082943,0.0020746887966804906,-0.14419087136929465,0.049792531120331995,-0.09647302904564314,false,,false
015760,20260325,20260401,6,true,42850.0,65989,42850,43700.0,42350.0,0.019836639439906545,true,10,깸→되돌림(트릭),깸→되돌림(트릭),20260402,20260402,20260408,5,20260408,true,-0.07467911318553089,한국전력,KOSPI,비주도주,지수<MA20,52주 고가 20%+ 아래,MA20 아래,당일 음봉,1.8413836378192414,0.4182621502209131,20260408,-0.011389521640091105,-0.038724373576309756,0.010250569476081939,0.05580865603644658,0.003416856492027387,0.0808656036446469,-0.05239179954441908,false,true,false
015760,20260715,20260716,2,true,33500.0,16187,33500,34050.0,33450.0,0.016417910447761086,true,10,깸→되돌림(트릭),깸→되돌림(트릭),20260720,20260720,20260723,4,20260723,true,-0.04477611940298509,한국전력,KOSPI,비주도주,지수<MA20,52주 고가 20%+ 아래,MA20 아래,당일 음봉,1.7937360832268663,0.0735632183908046,20260723,-0.005617977528089901,-0.0547752808988764,-0.0716292134831461,0.00983146067415741,-0.1081460674157303,0.02528089887640439,-0.0969101123595506,false,true,false
015760,20260813,20260819,4,true,30000.0,59767,30500,30850.0,30400.0,0.02833333333333332,false,10,되돌림만,되돌림만,,,20260820,1,20260820,false,,한국전력,KOSPI,비주도주,지수>MA20,52주 고가 20%+ 아래,MA20 아래,당일 음봉,4.792039901001294,0.06233766233766234,20260820,-0.0015723270440252124,0.028301886792452935,0.0676100628930818,,,,,,,
017800,20250911,20250911,1,true,79000.0,5489,79000,79400.0,78800.0,0.005063291139240533,true,10,깸→되돌림(트릭),깸→되돌림(트릭),20250912,20250912,20250919,6,20250919,true,-0.02658227848101269,현대엘리베이터,KOSPI,비주도주,지수>MA20,52주 고가 5–20% 아래,MA20 아래,당일 양봉,1.598040248656622,0.5717821782178217,20250919,0.007481296758104827,0.009975062344139696,0.0037406483790523026,0.021197007481296826,0.05860349127182052,0.08478802992518708,-0.03865336658354113,false,true,false
017800,20251017,20251017,1,true,78800.0,5546,78500,79300.0,78300.0,0.006345177664974555,true,10,되돌림만,되돌림만,20251030,20251030,20251020,1,20251020,false,,현대엘리베이터,KOSPI,비주도주,지수>MA20,52주 고가 5–20% 아래,MA20 아래,당일 음봉,2.0316658244904833,0.24448897795591182,20251020,0.0024154589371980784,0.004830917874396157,0.04106280193236711,-0.09420289855072461,-0.010869565217391353,0.05797101449275366,-0.10990338164251212,false,,false
024840,20260615,20260617,3,true,5650.0,39968,5400,5530.0,4720.0,-0.0212389380530974,true,10,깸만,깸만,20260618,20260618,,,,false,,KBI메탈,KOSDAQ,주도주(RS상위20%),지수<MA20,52주 고가 20%+ 아래,MA20 아래,당일 음봉,1.6991146889366229,0.8802083333333334,,,,,,,,,,,
025980,20260619,20260622,2,true,4670.0,32155,4670,4670.0,4600.0,0.0,true,10,깸만,깸만,20260623,20260623,,,,false,,아난티,KOSDAQ,비주도주,지수<MA20,52주 고가 20%+ 아래,MA20 아래,당일 음봉,2.1079017224033647,0.03690036900369004,,,,,,,,,,,
028050,20260821,20260824,2,true,44300.0,12550,44300,44800.0,44150.0,0.011286681715575675,true,7,깸→되돌림(트릭),깸→되돌림(트릭),20260825,20260825,20260825,1,20260825,true,-0.019187358916478603,삼성E&A,KOSPI,비주도주,지수>MA20,52주 고가 20%+ 아래,MA20 아래,당일 음봉,2.1189820514481954,0.7702020202020202,20260825,0.052344601962922566,0.06324972737186485,-0.0010905125408942062,,,,,,,
028670,20260618,20260625,6,true,4800.0,25450,4800,4705.0,4650.0,-0.019791666666666652,true,10,깸→되돌림(트릭),깸→되돌림(트릭),20260626,20260626,20260629,2,20260629,true,-0.08333333333333337,팬오션,KOSPI,비주도주,지수>MA20,52주 고가 20%+ 아래,MA20 아래,당일 음봉,2.1423125880647205,0.484573502722323,20260629,-0.01865284974093262,0.030051813471502653,0.023834196891191706,0.08601036269430051,0.04870466321243527,0.14818652849740932,-0.03626943005181349,false,true,false
028670,20260826,20260827,2,true,5700.0,57086,5700,5620.0,5560.0,-0.01403508771929829,true,4,깸→되돌림(트릭),되돌림만,20260828,20260828,20260828,1,20260828,false,-0.0035087719298245723,팬오션,KOSPI,비주도주,지수>MA20,52주 고가 5–20% 아래,MA20 아래,당일 음봉,1.505729180756136,0.5061728395061729,20260828,-0.020725388601036232,-0.04835924006908465,,,,,,,,
030530,20260828,20260902,4,false,17730.0,6449,17730,17440.0,16810.0,-0.016356457980823413,true,0,둘 다 없음,둘 다 없음,,,,,,false,,원익홀딩스,KOSDAQ,비주도주,지수>MA20,52주 고가 20%+ 아래,MA20 아래,당일 음봉,1.8657474416596835,0.12561576354679804,,,,,,,,,,,
032820,20260716,20260721,3,true,9060.0,18225,9130,9490.0,8770.0,0.04746136865342154,true,10,되돌림만,되돌림만,20260728,20260728,20260722,1,20260722,false,,우리기술,KOSDAQ,주도주(RS상위20%),지수<MA20,52주 고가 20%+ 아래,MA20 아래,당일 음봉,1.5929846953311073,0.8177570093457944,20260722,0.09018036072144286,0.01503006012024044,-0.19038076152304606,0.1753507014028055,0.22144288577154314,0.1943887775551103,-0.2535070140280561,false,,false
034020,20251208,20251210,3,true,76500.0,80048,76500,76800.0,76400.0,0.0039215686274509665,true,10,되돌림만,되돌림만,20251215,20251215,20251211,1,20251211,false,,두산에너빌리티,KOSPI,비주도주,지수>MA20,52주 고가 20%+ 아래,MA20 아래,당일 음봉,3.5994957792552316,0.543859649122807,20251211,0.031047865459249646,0.0,-0.036222509702457995,-0.047865459249676556,0.12548512289780067,0.040103492884864256,-0.060802069857697316,false,,false
034020,20260602,20260608,4,true,85000.0,84286,85000,85800.0,85500.0,0.009411764705882453,false,10,되돌림만,되돌림만,,,20260609,1,20260609,false,,두산에너빌리티,KOSPI,비주도주,지수>MA20,52주 고가 20%+ 아래,MA20 아래,당일 음봉,2.1383399710814035,0.5592011412268189,20260609,-0.013001083423618609,0.008667388949079147,0.11917659804983738,-0.03358613217768147,-0.11592632719393281,0.18418201516793076,-0.07583965330444209,true,,false
034220,20260213,20260213,1,true,11500.0,92517,11500,11600.0,11510.0,0.008695652173912993,false,10,되돌림만,되돌림만,20260304,20260304,20260219,1,20260219,false,,LG디스플레이,KOSPI,비주도주,지수>MA20,52주 고가 20%+ 아래,MA20 아래,당일 음봉,2.113229640459173,0.13342696629213482,20260219,0.08387622149837126,0.14495114006514664,0.2907166123778502,-0.026058631921824116,-0.02035830618892509,0.30700325732899025,-0.11644951140065152,false,,false
034730,20251016,20251016,1,true,215000.0,13092,215000,218500.0,213500.0,0.016279069767441756,true,10,되돌림만,되돌림만,,,20251017,1,20251017,false,,SK,KOSPI,비주도주,지수>MA20,52주 고가 5–20% 아래,MA20 아래,당일 음봉,2.3028471771576897,0.7289156626506024,20251017,0.018140589569161092,0.06575963718820854,0.07709750566893425,0.12698412698412698,0.17006802721088432,0.16099773242630389,-0.020408163265306145,true,,false
034730,20251226,20251226,1,true,244000.0,6247,244000,245000.0,243500.0,0.004098360655737654,true,10,깸→되돌림(트릭),깸→되돌림(트릭),20251229,20251229,20251229,1,20251229,true,-0.004098360655737654,SK,KOSPI,비주도주,지수>MA20,52주 고가 5–20% 아래,MA20 아래,당일 음봉,1.6129511192325263,0.3802521008403361,20251229,0.01183431952662728,0.06508875739644981,0.11242603550295849,0.16568047337278102,0.20512820512820507,0.17357001972386588,-0.011834319526627168,true,true,true
034730,20260311,20260316,4,true,328500.0,4517,328500,330500.0,327000.0,0.0060882800608828,true,10,되돌림만,되돌림만,20260323,20260323,20260317,1,20260317,false,,SK,KOSPI,비주도주,지수<MA20,52주 고가 5–20% 아래,MA20 아래,당일 음봉,1.5477760628595483,0.6508620689655172,20260317,0.03676470588235303,0.05882352941176472,0.010294117647058787,-0.11470588235294121,0.06323529411764706,0.07352941176470584,-0.12352941176470589,false,,false
035720,20260821,20260821,1,true,33600.0,155184,33600,35800.0,33600.0,0.06547619047619047,false,8,되돌림만,되돌림만,,,20260825,2,20260825,false,,카카오,KOSPI,비주도주,지수>MA20,52주 고가 20%+ 아래,MA20 아래,당일 음봉,2.362847692891612,0.19444444444444445,20260825,0.00832177531206657,0.02219140083217752,0.012482662968099856,,,,,,,
035900,20260813,20260818,3,true,39300.0,14083,39300,39350.0,38950.0,0.0012722646310432406,true,10,깸→되돌림(트릭),깸→되돌림(트릭),20260819,20260819,20260819,1,20260819,true,-0.029262086513994867,JYP Ent.,KOSDAQ,비주도주,지수>MA20,52주 고가 20%+ 아래,MA20 아래,당일 음봉,5.110051017027761,0.07532467532467532,20260819,0.003754693366708306,-0.01251564455569465,0.0025031289111390187,-0.03254067584480602,,0.027534418022528095,-0.04755944931163958,false,false,false
039030,20260716,20260721,3,true,296000.0,12782,296000,317500.0,296500.0,0.07263513513513509,false,10,되돌림만,되돌림만,20260724,20260724,20260723,2,20260723,false,,이오테크닉스,KOSDAQ,비주도주,지수<MA20,52주 고가 20%+ 아래,MA20 아래,당일 음봉,1.996506986027944,0.6285046728971962,20260723,-0.091324200913242,-0.17808219178082196,-0.26940639269406397,0.0243531202435312,0.2313546423135464,0.07153729071537285,-0.29984779299847797,false,,false
039490,20260819,20260819,1,true,265000.0,2976,265000,265500.0,261500.0,0.0018867924528302993,true,10,되돌림만,되돌림만,20260821,20260821,20260820,1,20260820,false,,키움증권,KOSPI,비주도주,지수>MA20,52주 고가 20%+ 아래,MA20 아래,당일 음봉,1.611343686698177,0.10632911392405063,20260820,-0.02722323049001818,0.001814882032667775,0.014519056261343088,,,,,,,
042660,20251127,20251202,4,true,104900.0,16130,104900,106100.0,105500.0,0.011439466158245981,false,10,되돌림만,되돌림만,,,20251203,1,20251203,false,,한화오션,KOSPI,비주도주,지수<MA20,52주 고가 20%+ 아래,MA20 아래,당일 음봉,1.8283830927278684,0.5983086680761099,20251203,-0.015711645101663563,0.05360443622920519,0.03974121996303137,0.0009242144177448175,0.08964879852125685,0.0711645101663585,-0.02310536044362288,true,,false
042660,20260413,20260413,1,true,120000.0,35498,120000,120100.0,120000.0,0.0008333333333332416,false,10,되돌림만,되돌림만,,,20260414,1,20260414,false,,한화오션,KOSPI,비주도주,지수>MA20,52주 고가 20%+ 아래,MA20 아래,당일 음봉,2.0929129037195775,0.21311475409836064,20260414,0.013698630136986356,0.04754230459307007,0.05721192586623691,0.0789685737308623,-0.02981466559226431,0.1079774375503626,0.008058017727639033,true,,true
042660,20260622,20260623,2,true,110000.0,16270,110000,104500.0,104500.0,-0.050000000000000044,true,10,깸→되돌림(트릭),깸→되돌림(트릭),20260624,20260624,20260624,1,20260624,true,-0.06272727272727274,한화오션,KOSPI,비주도주,지수>MA20,52주 고가 20%+ 아래,MA20 아래,당일 음봉,1.5712963467087713,0.34831460674157305,20260624,-0.0037735849056603765,-0.004716981132075526,-0.025471698113207597,-0.2264150943396226,-0.1518867924528302,0.1603773584905661,-0.2396226415094339,false,false,false
042660,20260707,20260714,6,true,75000.0,13724,75000,76800.0,74000.0,0.02400000000000002,true,10,되돌림만,되돌림만,20260729,20260729,20260715,1,20260715,false,,한화오션,KOSPI,비주도주,지수<MA20,52주 고가 20%+ 아래,MA20 아래,당일 음봉,2.621389406077584,0.08639308855291576,20260715,0.05731707317073176,-0.0012195121951219523,0.09634146341463423,-0.03292682926829271,0.10609756097560985,0.11707317073170742,-0.13048780487804879,false,,false
042700,20251113,20251114,2,true,126000.0,19292,126000,125600.0,125300.0,-0.0031746031746031633,true,10,되돌림만,되돌림만,20251118,20251118,20251117,1,20251117,false,,한미반도체,KOSPI,비주도주,지수>MA20,52주 고가 5–20% 아래,MA20 아래,당일 양봉,1.5288677130044843,0.62426614481409,20251117,-0.08012093726379443,-0.06651549508692367,-0.09599395313681025,-0.08012093726379443,-0.10430839002267578,-0.018896447467876,-0.1428571428571429,false,,false
042700,20251204,20251204,1,true,116000.0,27443,116000,116100.0,115600.0,0.0008620689655172153,true,10,깸→되돌림(트릭),깸→되돌림(트릭),20251205,20251205,20251205,1,20251205,true,-0.004310344827586188,한미반도체,KOSPI,비주도주,지수>MA20,52주 고가 20%+ 아래,MA20 아래,당일 음봉,1.5429091778730293,0.543046357615894,20251205,0.01931150293870698,0.016792611251049472,0.009235936188077165,-0.02267002518891692,0.5659109991603695,0.07388748950461799,-0.03694374475230899,false,false,false
043260,20260616,20260616,1,true,40000.0,81215,40000,40600.0,39650.0,0.014999999999999902,true,10,깸→되돌림(트릭),깸→되돌림(트릭),20260617,20260617,20260617,1,20260617,true,-0.01749999999999996,성호전자,KOSDAQ,주도주(RS상위20%),지수<MA20,52주 고가 20%+ 아래,MA20 아래,당일 음봉,1.7425682248185481,0.9946332737030411,20260617,-0.06323185011709598,-0.13583138173302112,-0.2962529274004684,-0.28337236533957844,-0.5292740046838407,0.005854800936768045,-0.38524590163934425,false,false,false
051910,20260821,20260821,1,true,250000.0,2646,249000,252500.0,251500.0,0.010000000000000009,false,8,되돌림만,되돌림만,,,20260824,1,20260824,false,,LG화학,KOSPI,비주도주,지수>MA20,52주 고가 20%+ 아래,MA20 아래,당일 음봉,1.7758175559380378,0.26262626262626265,20260824,-0.03663003663003661,0.005494505494505475,0.02564102564102555,,,,,,,
052690,20260821,20260824,2,true,88800.0,1890,88800,90300.0,88800.0,0.016891891891891886,false,7,되돌림만,되돌림만,,,20260825,1,20260825,false,,한전기술,KOSPI,비주도주,지수>MA20,52주 고가 20%+ 아래,MA20 아래,당일 음봉,2.223898611949306,0.10858585858585859,20260825,0.13627992633517505,0.1270718232044199,0.017495395948434522,,,,,,,
053690,20250915,20250915,1,true,20450.0,14416,20450,20700.0,20550.0,0.012224938875305513,false,10,되돌림만,되돌림만,20250918,20250918,20250916,1,20250916,false,,한미글로벌,KOSPI,유니버스 밖,지수>MA20,52주 고가 5–20% 아래,MA20 아래,당일 음봉,1.5182174540953166,,20250916,-0.032786885245901676,-0.04449648711943799,-0.0023419203747072626,-0.032786885245901676,0.00936768149882905,0.1428571428571428,-0.0693208430913349,false,,false
053690,20260819,20260820,2,true,17130.0,2036,17130,17290.0,17140.0,0.009340338587273678,false,9,깸→되돌림(트릭),깸→되돌림(트릭),20260821,20260821,20260825,3,20260825,true,-0.05896088733216576,한미글로벌,KOSPI,유니버스 밖,지수>MA20,52주 고가 20%+ 아래,MA20 아래,당일 양봉,3.668524351829416,,20260825,0.17003367003366998,0.29068462401795725,0.21773288439955096,,,,,,,
054450,20260902,20260902,1,true,9480.0,16565,9480,9480.0,9460.0,0.0,true,0,둘 다 없음,둘 다 없음,,,,,,false,,텔레칩스,KOSDAQ,유니버스 밖,지수<MA20,52주 고가 20%+ 아래,MA20 아래,당일 음봉,1.7432443531827515,,,,,,,,,,,,
056080,20250903,20250905,3,true,10300.0,11438,10300,10400.0,9960.0,0.009708737864077666,true,10,되돌림만,되돌림만,,,20250908,1,20250908,false,,유진로봇,KOSDAQ,유니버스 밖,지수<MA20,52주 고가 20%+ 아래,MA20 아래,당일 음봉,1.7077821559245707,,20250908,-0.005597014925373123,0.017723880597015018,0.11753731343283591,0.13339552238805963,0.08488805970149249,0.20615671641791056,-0.027052238805970186,true,,true
058470,20260427,20260427,1,true,106000.0,30252,106000,109800.0,105900.0,0.03584905660377369,true,10,되돌림만,되돌림만,,,20260428,1,20260428,false,,리노공업,KOSDAQ,비주도주,지수>MA20,52주 고가 5–20% 아래,MA20 아래,당일 음봉,2.9330789882718666,0.706821480406386,20260428,0.006283662477558405,0.08438061041292633,0.018850987432674993,0.025134649910233398,-0.125673249551167,0.11310592459605018,-0.04667863554757634,true,,false
058470,20260528,20260529,2,true,95000.0,9257,95000,97400.0,95100.0,0.025263157894736876,false,10,깸→되돌림(트릭),깸→되돌림(트릭),20260602,20260601,20260604,3,20260604,true,-0.032631578947368456,리노공업,KOSDAQ,비주도주,지수<MA20,52주 고가 20%+ 아래,MA20 아래,당일 음봉,1.5593458170029515,0.6063977746870653,20260604,-0.05522088353413657,-0.0060240963855421326,0.002008032128514081,-0.07329317269076308,-0.24598393574297184,0.09939759036144569,-0.1455823293172691,false,false,false
058470,20260615,20260622,6,true,90000.0,12349,90000,92400.0,89200.0,0.026666666666666616,true,10,깸만,깸만,20260623,20260623,,,,false,,리노공업,KOSDAQ,비주도주,지수<MA20,52주 고가 20%+ 아래,MA20 아래,당일 음봉,1.9900154400411734,0.6440972222222222,,,,,,,,,,,
058610,20260320,20260323,2,true,110000.0,5808,110000,110100.0,109100.0,0.0009090909090909705,true,10,깸→되돌림(트릭),되돌림만,20260324,20260324,20260324,1,20260324,false,-0.008181818181818179,에스피지,KOSDAQ,주도주(RS상위20%),지수>MA20,52주 고가 20%+ 아래,MA20 아래,당일 음봉,2.7944572748267897,0.9751098096632503,20260324,0.008787346221441172,-0.02196836555360282,-0.08084358523725832,-0.08699472759226712,0.026362038664323295,0.06414762741652025,-0.1098418277680141,false,false,false
059090,20260303,20260303,1,true,14880.0,20007,14880,14760.0,14760.0,-0.008064516129032251,true,10,깸→되돌림(트릭),깸→되돌림(트릭),20260304,20260304,20260306,3,20260306,true,-0.16196236559139787,미코,KOSDAQ,비주도주,지수<MA20,52주 고가 20%+ 아래,MA20 아래,당일 음봉,2.136295306497411,0.08490566037735849,20260306,-0.08687002652519893,-0.0629973474801061,-0.05702917771883287,-0.0013262599469495706,-0.12798408488063662,0.03381962864721477,-0.1293103448275862,false,true,false
059090,20260720,20260721,2,true,14400.0,4656,14400,14720.0,13990.0,0.022222222222222143,true,10,되돌림만,되돌림만,20260727,20260727,20260722,1,20260722,false,,미코,KOSDAQ,비주도주,지수<MA20,52주 고가 20%+ 아래,MA20 아래,당일 음봉,3.1237701931252277,0.6229116945107399,20260722,0.06508474576271195,0.03661016949152551,-0.16135593220338984,0.1064406779661018,0.25966101694915245,0.11966101694915254,-0.23389830508474574,false,,false
062040,20260602,20260604,2,true,220000.0,5692,220000,222500.0,219500.0,0.011363636363636465,true,10,깸→되돌림(트릭),깸→되돌림(트릭),20260605,20260605,20260609,3,20260609,true,-0.09999999999999998,산일전기,KOSPI,비주도주,지수>MA20,52주 고가 20%+ 아래,MA20 아래,당일 음봉,2.5461570078092888,0.666191155492154,20260609,-0.028888888888888853,0.028888888888888964,0.12888888888888883,-0.013333333333333308,-0.14044444444444448,0.19333333333333336,-0.11111111111111116,false,true,false
062040,20260703,20260706,2,true,199800.0,5085,199800,207000.0,201000.0,0.03603603603603611,false,10,깸만,깸만,20260707,20260707,,,,false,,산일전기,KOSPI,비주도주,지수<MA20,52주 고가 20%+ 아래,MA20 아래,당일 음봉,2.761382799325464,0.7761194029850746,,,,,,,,,,,
064350,20251016,20251017,2,true,200000.0,17483,200000,201500.0,201500.0,0.007500000000000062,false,10,되돌림만,되돌림만,,,20251020,1,20251020,false,,현대로템,KOSPI,비주도주,지수>MA20,52주 고가 5–20% 아래,MA20 아래,당일 음봉,1.6199695538467545,0.7871485943775101,20251020,0.0023696682464455776,0.14454976303317535,0.1090047393364928,0.15876777251184837,-0.06729857819905216,0.18246445497630326,-0.0023696682464454666,true,,true
064350,20260901,20260902,2,true,123400.0,6895,123400,122900.0,122300.0,-0.004051863857374438,true,0,둘 다 없음,둘 다 없음,,,,,,false,,현대로템,KOSPI,비주도주,지수>MA20,52주 고가 20%+ 아래,MA20 아래,당일 음봉,1.6706688086581551,0.11822660098522167,,,,,,,,,,,
066570,20260109,20260112,2,true,86500.0,20385,86500,88000.0,86600.0,0.01734104046242768,false,10,되돌림만,되돌림만,,,20260113,1,20260113,false,,LG전자,KOSPI,비주도주,지수>MA20,52주 고가 5–20% 아래,MA20 아래,당일 음봉,1.6030703110506461,0.4097087378640777,20260113,0.018722466960352513,0.08370044052863435,0.15638766519823788,0.11563876651982374,0.14537444933920707,0.2290748898678414,0.0033039647577093323,true,,true
068270,20260605,20260611,5,true,160200.0,4639,160200,166200.0,160000.0,0.03745318352059934,true,10,되돌림만,되돌림만,20260624,20260624,20260612,1,20260612,false,,셀트리온,KOSPI,비주도주,지수>MA20,52주 고가 20%+ 아래,MA20 아래,당일 음봉,1.7764578833693305,0.20958083832335328,20260612,0.011560693641618602,0.009248554913294793,-0.015606936416184936,-0.041040462427745616,0.012716763005780285,0.04219653179190752,-0.07976878612716765,false,,false
069620,20260818,20260819,2,true,116400.0,605,116400,118300.0,115000.0,0.01632302405498276,true,10,되돌림만,되돌림만,20260821,20260821,20260820,1,20260820,false,,대웅제약,KOSPI,유니버스 밖,지수>MA20,52주 고가 20%+ 아래,MA20 아래,당일 음봉,2.5247839927239655,,20260820,-0.011579818031430933,0.010752688172043001,0.033085194375517046,,,,,,,
071970,20260623,20260624,2,true,58600.0,5069,58600,60600.0,58000.0,0.03412969283276457,true,10,깸→되돌림(트릭),깸→되돌림(트릭),20260626,20260626,20260701,5,20260701,true,-0.08020477815699656,HD현대마린엔진,KOSPI,비주도주,지수<MA20,52주 고가 20%+ 아래,MA20 아래,당일 음봉,2.2491963196984814,0.07210626185958255,20260701,-0.07848837209302328,-0.08139534883720934,-0.1875,-0.1526162790697675,-0.30377906976744184,0.011627906976744207,-0.2223837209302325,false,false,false
079550,20251107,20251107,1,false,398000.0,8911,398000,401500.0,395000.0,0.008793969849246297,true,10,되돌림만,되돌림만,20251119,20251119,20251110,1,20251110,false,,LIG디펜스앤에어로스페이스,KOSPI,비주도주,지수>MA20,52주 고가 20%+ 아래,MA20 아래,당일 음봉,1.7903339604891815,0.22817460317460317,20251110,-0.021531100478468845,-0.022727272727272707,0.01674641148325362,-0.0574162679425837,-0.07416267942583732,0.037081339712918604,-0.11004784688995217,false,,false
079550,20260130,20260202,2,true,465000.0,1887,465000,454000.0,446500.0,-0.023655913978494647,true,10,깸→되돌림(트릭),되돌림만,20260203,20260203,20260203,1,20260203,false,-0.02043010752688168,LIG디펜스앤에어로스페이스,KOSPI,비주도주,지수>MA20,52주 고가 20%+ 아래,MA20 아래,당일 음봉,2.0187610290703075,0.023006134969325152,20260203,0.011866235167206085,-0.07874865156418553,-0.005393743257820938,0.04962243797195254,0.7173678532901835,0.06903991370010787,-0.13807982740021574,false,false,false
079550,20260821,20260824,2,true,670000.0,1750,670000,717000.0,674000.0,0.07014925373134329,false,7,되돌림만,되돌림만,20260901,20260901,20260825,1,20260825,false,,LIG디펜스앤에어로스페이스,KOSPI,주도주(RS상위20%),지수>MA20,52주 고가 20%+ 아래,MA20 아래,당일 음봉,2.111007809594645,0.8358585858585859,20260825,-0.011142061281337101,0.022284122562674202,-0.04596100278551529,,,,,,,
080220,20260716,20260721,3,true,75000.0,9029,75000,78300.0,74500.0,0.04400000000000004,true,10,되돌림만,되돌림만,20260724,20260722,20260723,2,20260723,false,,제주반도체,KOSDAQ,주도주(RS상위20%),지수<MA20,52주 고가 20%+ 아래,MA20 아래,당일 음봉,1.50620105162736,0.9322429906542056,20260723,-0.13102595797280592,-0.22867737948084055,-0.38071693448702104,-0.08158220024721874,-0.09147095179233622,-0.017305315203955507,-0.38875154511742893,false,,false
082920,20260716,20260720,2,true,26500.0,2108,26500,26350.0,26200.0,-0.005660377358490565,true,10,깸→되돌림(트릭),깸→되돌림(트릭),20260721,20260721,20260721,1,20260721,true,-0.03396226415094339,비츠로셀,KOSDAQ,비주도주,지수<MA20,52주 고가 20%+ 아래,MA20 아래,당일 음봉,2.2401408155567664,0.7850467289719626,20260721,0.008620689655172376,0.07241379310344831,0.020689655172413834,0.06896551724137923,0.19827586206896552,0.13103448275862073,-0.16034482758620694,false,false,false
083450,20260824,20260826,3,true,44600.0,1690,44600,44800.0,43600.0,0.004484304932735439,true,5,깸→되돌림(트릭),되돌림만,20260827,20260827,20260827,1,20260827,false,-0.013452914798206317,GST,KOSDAQ,주도주(RS상위20%),지수>MA20,52주 고가 20%+ 아래,MA20 아래,당일 양봉,2.561604253351826,0.8473282442748091,20260827,-0.016629711751662946,-0.03880266075388028,,,,,,,,
083650,20260716,20260720,2,true,39700.0,23503,39700,40350.0,40050.0,0.016372795969773257,false,10,깸→되돌림(트릭),깸→되돌림(트릭),20260721,20260721,20260721,1,20260721,true,-0.028967254408060472,비에이치아이,KOSDAQ,비주도주,지수<MA20,52주 고가 20%+ 아래,MA20 아래,당일 음봉,2.4094921689606075,0.16121495327102803,20260721,0.0591861898890258,0.10480887792848326,-0.01726263871763256,0.2293464858199754,0.49445129469790383,0.2601726263871764,-0.18249075215782984,false,false,false
086280,20260709,20260709,1,true,184500.0,10615,184500,184300.0,182100.0,-0.0010840108401084514,true,10,되돌림만,되돌림만,20260714,20260714,20260710,1,20260710,false,,현대글로비스,KOSPI,비주도주,지수<MA20,52주 고가 20%+ 아래,MA20 아래,당일 음봉,3.1765805045157274,0.17763157894736842,20260710,-0.019832985386221247,-0.0020876826722338038,-0.02661795407098122,0.06732776617954062,0.05949895615866385,0.12212943632567841,-0.07672233820459295,false,,false
086790,20260318,20260318,1,true,113500.0,35942,113500,114500.0,111700.0,0.008810572687224738,true,10,깸만,깸만,20260319,20260319,,,,false,,하나금융지주,KOSPI,비주도주,지수>MA20,52주 고가 5–20% 아래,MA20 아래,당일 양봉,2.6385758874252763,0.38144329896907214,,,,,,,,,,,
089030,20260121,20260126,4,true,37700.0,15498,37700,38500.0,37250.0,0.021220159151193574,true,10,되돌림만,되돌림만,,,20260127,1,20260127,false,,테크윙,KOSDAQ,비주도주,지수>MA20,52주 고가 20%+ 아래,MA20 아래,당일 음봉,3.827657465786644,0.5490909090909091,20260127,0.0625752105896511,0.2033694344163659,0.13116726835138381,0.08303249097472931,0.12154031287605305,0.23465703971119134,0.0,true,,true
089030,20260213,20260213,1,true,42000.0,54452,42000,42100.0,42000.0,0.0023809523809523725,false,10,되돌림만,되돌림만,,,20260219,1,20260219,false,,테크윙,KOSDAQ,비주도주,지수>MA20,52주 고가 20%+ 아래,MA20 아래,당일 음봉,2.4773814782096584,0.5168539325842697,20260219,-0.019169329073482455,-0.025559105431309903,-0.0031948881789137795,0.5143769968051117,0.23535676251331195,0.5527156549520766,-0.07348242811501593,true,,true
089030,20260702,20260707,4,true,43000.0,9386,43000,41100.0,40950.0,-0.04418604651162794,true,10,깸→되돌림(트릭),깸→되돌림(트릭),20260708,20260708,20260710,3,20260710,true,-0.12325581395348839,테크윙,KOSDAQ,비주도주,지수<MA20,52주 고가 20%+ 아래,MA20 아래,당일 음봉,1.5167074164629177,0.27078891257995735,20260710,-0.001138952164009166,0.1822323462414579,0.10592255125284744,0.01480637813211838,0.056947608200455635,0.23234624145785876,-0.02277904328018221,false,true,true
089970,20260713,20260713,1,true,96400.0,41034,96400,96400.0,95500.0,0.0,true,10,깸→되돌림(트릭),깸→되돌림(트릭),20260714,20260714,20260714,1,20260714,true,-0.014522821576763434,브이엠,KOSDAQ,주도주(RS상위20%),지수<MA20,52주 고가 20%+ 아래,MA20 아래,당일 음봉,2.9697773434773507,0.9711111111111111,20260714,0.010462074978204061,-0.18918918918918914,-0.2842197035745423,-0.5021795989537925,-0.40453356582388844,0.03138622493461196,-0.5492589363557105,false,false,false
089970,20260807,20260807,1,true,60400.0,7922,61000,60500.0,58400.0,0.0016556291390728006,true,10,되돌림만,되돌림만,20260821,20260821,20260810,1,20260810,false,,브이엠,KOSDAQ,주도주(RS상위20%),지수>MA20,52주 고가 20%+ 아래,MA20 아래,당일 음봉,1.5718713676869431,0.9429347826086957,20260810,0.07100591715976323,0.013313609467455523,-0.013313609467455634,-0.11094674556213013,,0.09171597633136086,-0.1952662721893491,false,,false
095340,20260701,20260701,1,true,174400.0,2270,172100,170700.0,170000.0,-0.021215596330275255,true,10,깸만,깸만,20260702,20260702,,,,false,,ISC,KOSDAQ,비주도주,지수<MA20,52주 고가 20%+ 아래,MA20 아래,당일 음봉,1.6388232767876316,0.6602564102564102,,,,,,,,,,,
096770,20260731,20260803,2,true,104700.0,5877,104700,108000.0,104200.0,0.03151862464183375,true,10,되돌림만,되돌림만,,,20260804,1,20260804,false,,SK이노베이션,KOSPI,비주도주,지수<MA20,52주 고가 20%+ 아래,MA20 아래,당일 음봉,2.4581388564760793,0.6553524804177546,20260804,-0.018867924528301883,0.08086253369272245,0.11500449236298294,0.15813117699910162,0.1814914645103325,0.20305480682839172,-0.040431266846361225,true,,false
096770,20260826,20260827,2,true,110000.0,5203,110000,112000.0,110500.0,0.018181818181818077,false,4,되돌림만,되돌림만,,,20260828,1,20260828,false,,SK이노베이션,KOSPI,비주도주,지수>MA20,52주 고가 20%+ 아래,MA20 아래,당일 음봉,4.635353478088327,0.43950617283950616,20260828,0.07356715141146286,0.12489307100085534,,,,,,,,
097950,20260811,20260813,3,true,183000.0,3173,183000,182500.0,182500.0,-0.002732240437158473,true,10,깸→되돌림(트릭),깸→되돌림(트릭),20260814,20260814,20260814,1,20260814,true,-0.0038251366120218844,CJ제일제당,KOSPI,비주도주,지수<MA20,52주 고가 20%+ 아래,MA20 아래,당일 음봉,2.894681411269089,0.35092348284960423,20260814,-0.010787486515641875,-0.003236245954692518,0.02265372168284796,0.0059331175836030425,,0.030204962243797207,-0.03182308522114352,false,false,false
100090,20260901,20260902,2,true,12000.0,25931,12000,12000.0,11910.0,0.0,true,0,둘 다 없음,둘 다 없음,,,,,,false,,SK오션플랜트,KOSPI,비주도주,지수>MA20,52주 고가 20%+ 아래,MA20 아래,당일 음봉,2.4471291706492986,0.18472906403940886,,,,,,,,,,,
100130,20260818,20260818,1,true,1445.0,20825,1445,1452.0,1440.0,0.004844290657439521,true,10,깸만,깸만,20260819,20260819,,,,false,,동국S&C,KOSDAQ,유니버스 밖,지수>MA20,52주 고가 20%+ 아래,MA20 아래,당일 음봉,1.5669385194479297,,,,,,,,,,,,
105560,20251010,20251016,5,true,113500.0,9278,113500,113700.0,112200.0,0.0017621145374449032,true,10,깸→되돌림(트릭),되돌림만,20251017,20251017,20251017,1,20251017,false,-0.00969162995594719,KB금융,KOSPI,비주도주,지수>MA20,52주 고가 5–20% 아래,MA20 아래,당일 음봉,1.5653415277408116,0.4865424430641822,20251017,0.03684210526315779,0.015789473684210575,-0.0017543859649122862,0.02280701754385972,0.13596491228070184,0.05789473684210522,-0.00877192982456143,false,true,false
105560,20260102,20260102,1,true,122800.0,9868,122800,123300.0,122800.0,0.004071661237784907,false,10,되돌림만,되돌림만,20260108,20260108,20260105,1,20260105,false,,KB금융,KOSPI,비주도주,지수>MA20,52주 고가 5–20% 아래,MA20 아래,당일 음봉,1.6103276981011136,0.2854251012145749,20260105,-0.003154574132492094,-0.026025236593059886,-0.010252365930599416,0.021293375394321856,0.054416403785489065,0.050473186119873725,-0.03548895899053628,false,,false
108320,20260902,20260902,1,true,36750.0,3342,36750,36450.0,36300.0,-0.008163265306122436,true,0,둘 다 없음,둘 다 없음,,,,,,false,,LX세미콘,KOSPI,유니버스 밖,지수<MA20,52주 고가 20%+ 아래,MA20 아래,당일 음봉,1.6064164048288407,,,,,,,,,,,,
108490,20260213,20260213,1,true,270000.0,11422,270000,271500.0,270000.0,0.005555555555555536,false,10,깸→되돌림(트릭),깸→되돌림(트릭),20260219,20260219,20260219,1,20260219,true,-0.02777777777777779,로보티즈,KOSDAQ,주도주(RS상위20%),지수>MA20,52주 고가 20%+ 아래,MA20 아래,당일 음봉,1.510204081632653,0.9452247191011236,20260219,-0.015845070422535246,-0.02464788732394363,0.04401408450704225,-0.11795774647887325,-0.08098591549295775,0.052816901408450745,-0.2922535211267606,false,false,false
108490,20260413,20260413,1,true,235000.0,7630,235000,236500.0,235000.0,0.006382978723404209,false,10,되돌림만,되돌림만,,,20260414,1,20260414,false,,로보티즈,KOSDAQ,비주도주,지수<MA20,52주 고가 20%+ 아래,MA20 아래,당일 음봉,1.6043275750250574,0.30491803278688523,20260414,0.06060606060606055,0.10303030303030303,0.1595959595959595,0.31919191919191925,0.37777777777777777,0.4606060606060607,0.0060606060606061,true,,true
112610,20260414,20260415,2,true,61800.0,7891,61800,64000.0,61800.0,0.03559870550161803,false,10,되돌림만,되돌림만,,,20260416,1,20260416,false,,씨에스윈드,KOSPI,비주도주,지수>MA20,52주 고가 20%+ 아래,MA20 아래,당일 음봉,2.365885624780232,0.48058252427184467,20260416,-0.024024024024024038,-0.042042042042042094,0.033033033033033066,0.07507507507507505,-0.20870870870870872,0.13363363363363367,-0.06156156156156156,true,,false
126640,20260715,20260716,2,true,3850.0,381210,3850,4300.0,3780.0,0.11688311688311681,true,10,깸만,깸만,20260720,20260720,,,,false,,화신정공,KOSDAQ,주도주(RS상위20%),지수<MA20,52주 고가 20%+ 아래,MA20 아래,당일 양봉,4.503657237259526,0.9379310344827586,,,,,,,,,,,
128940,20260113,20260114,2,true,428500.0,3279,428500,424500.0,421500.0,-0.009334889148191361,true,10,깸→되돌림(트릭),되돌림만,20260115,20260115,20260115,1,20260115,false,-0.007001166861143493,한미약품,KOSPI,비주도주,지수>MA20,52주 고가 5–20% 아래,MA20 아래,당일 음봉,1.7884281102557735,0.6381322957198443,20260115,0.0,0.019473081328751363,-0.013745704467353903,0.15693012600229106,0.4066437571592212,0.26002290950744555,-0.06758304696449025,false,false,false
128940,20260421,20260423,3,true,480000.0,1666,480000,490000.0,483000.0,0.02083333333333326,false,10,되돌림만,되돌림만,20260430,20260430,20260424,1,20260424,false,,한미약품,KOSPI,비주도주,지수>MA20,52주 고가 20%+ 아래,MA20 아래,당일 음봉,2.185456595264938,0.5370650529500757,20260424,-0.0060301507537688925,-0.029145728643216073,-0.10552763819095479,-0.08643216080402005,-0.0170854271356784,0.01306532663316573,-0.15577889447236182,false,,false
128940,20260629,20260702,4,true,445500.0,3030,445500,436000.0,404000.0,-0.021324354657688005,true,10,깸→되돌림(트릭),되돌림만,20260703,20260703,20260703,1,20260703,false,-0.024691358024691357,한미약품,KOSPI,비주도주,지수<MA20,52주 고가 20%+ 아래,MA20 아래,당일 양봉,1.8820651256959675,0.29227557411273486,20260703,-0.08342361863488623,-0.11375947995666302,-0.15709642470205853,-0.1939328277356447,-0.2513542795232936,-0.015167930660888396,-0.25893824485373784,false,false,false
130660,20260720,20260721,2,true,10040.0,9379,10040,10380.0,10030.0,0.03386454183266929,true,10,되돌림만,되돌림만,20260728,20260728,20260722,1,20260722,false,,한전산업,KOSPI,유니버스 밖,지수<MA20,52주 고가 20%+ 아래,MA20 아래,당일 음봉,1.5036470504921748,,20260722,0.0662251655629138,0.050141911069063294,-0.11825922421948909,0.08703878902554396,0.06717123935666991,0.09649952696310304,-0.16650898770104072,false,,false
131290,20260807,20260807,1,true,206000.0,1767,206000,207000.0,202000.0,0.004854368932038833,true,10,깸→되돌림(트릭),되돌림만,20260810,20260810,20260810,1,20260810,false,-0.014563106796116498,티에스이,KOSDAQ,주도주(RS상위20%),지수>MA20,52주 고가 20%+ 아래,MA20 아래,당일 음봉,1.613296812749004,0.9619565217391305,20260810,0.0770925110132159,0.1409691629955947,0.18502202643171817,0.09691629955947145,,0.2709251101321586,-0.04625550660792954,true,true,true
141080,20260721,20260721,1,true,90100.0,7812,90100,93600.0,90100.0,0.0388457269700333,false,10,되돌림만,되돌림만,20260728,20260728,20260722,1,20260722,false,,리가켐바이오,KOSDAQ,비주도주,지수<MA20,52주 고가 20%+ 아래,MA20 아래,당일 음봉,1.7466860514837936,0.14009661835748793,20260722,0.08306709265175716,0.03940362087326954,-0.11714589989350377,0.16613418530351431,0.15335463258785942,0.21405750798722045,-0.18104366347177847,false,,false
180640,20260128,20260202,4,true,110000.0,2264,110300,110600.0,107500.0,0.005454545454545379,true,10,되돌림만,되돌림만,20260206,20260206,20260203,1,20260203,false,,한진칼,KOSPI,비주도주,지수>MA20,52주 고가 20%+ 아래,MA20 아래,당일 음봉,1.9061510628674807,0.22741935483870968,20260203,0.03040834057341435,-0.04083405734144219,0.08253692441355343,0.2884448305821026,-0.009556907037358786,0.3023457862728063,-0.06602953953084278,false,,false
180640,20260624,20260629,4,true,114000.0,1091,114000,117100.0,112500.0,0.027192982456140324,true,10,되돌림만,되돌림만,,20260630,20260630,1,20260630,false,,한진칼,KOSPI,비주도주,지수>MA20,52주 고가 20%+ 아래,MA20 아래,당일 양봉,1.6018376722817764,0.2928709055876686,20260630,0.0610169491525423,0.13559322033898313,0.13389830508474576,-0.055932203389830515,-0.0567796610169492,0.21779661016949148,-0.055932203389830515,false,,false
196170,20260506,20260511,4,true,323000.0,13641,323000,325000.0,323000.0,0.006191950464396356,false,10,깸→되돌림(트릭),깸→되돌림(트릭),20260512,20260512,20260512,1,20260512,true,-0.004643962848297267,알테오젠,KOSDAQ,비주도주,지수>MA20,52주 고가 20%+ 아래,MA20 아래,당일 음봉,1.6484719116351563,0.010610079575596816,20260512,0.03508771929824572,0.07894736842105265,0.07163742690058483,0.1301169590643274,0.014619883040935644,0.18421052631578938,-0.04385964912280704,true,true,true
196170,20260622,20260623,2,true,340000.0,31112,340000,333000.0,332000.0,-0.020588235294117685,true,10,깸→되돌림(트릭),깸→되돌림(트릭),20260624,20260624,20260624,1,20260624,true,-0.025000000000000022,알테오젠,KOSDAQ,비주도주,지수<MA20,52주 고가 20%+ 아래,MA20 아래,당일 양봉,1.6493583057457712,0.12172284644194757,20260624,0.009421265141319024,0.004037685060565233,-0.03633916554508754,-0.1561238223418573,-0.17496635262449534,0.06998654104979818,-0.17227456258411844,false,false,false
196170,20260715,20260721,4,true,257500.0,3404,257500,273000.0,257500.0,0.060194174757281615,false,10,되돌림만,되돌림만,,,20260723,2,20260723,false,,알테오젠,KOSDAQ,비주도주,지수<MA20,52주 고가 20%+ 아래,MA20 아래,당일 음봉,1.7149325206791468,0.04827586206896552,20260723,-0.019575856443719397,-0.03262642740619903,-0.0880913539967374,-0.04241435562805873,0.04404567699836859,0.1419249592169658,-0.13050570962479613,true,,false
196170,20260831,20260902,3,true,297000.0,9394,297000,298500.0,291000.0,0.005050505050504972,true,0,둘 다 없음,둘 다 없음,,,,,,false,,알테오젠,KOSDAQ,비주도주,지수>MA20,52주 고가 20%+ 아래,MA20 아래,당일 음봉,1.564032697547684,0.3787128712871287,,,,,,,,,,,
199430,20260825,20260825,1,true,15110.0,52366,15110,14420.0,14100.0,-0.04566512243547316,true,6,깸→되돌림(트릭),되돌림만,20260826,20260826,20260826,1,20260826,false,-0.03375248180013235,케이엔알시스템,KOSDAQ,비주도주,지수>MA20,52주 고가 20%+ 아래,MA20 아래,당일 음봉,5.218452701489858,0.04292929292929293,20260826,0.0072416063199474134,0.12179065174456882,0.09084924292297569,,,,,,,
204270,20260807,20260811,3,true,15020.0,3230,15020,15350.0,14890.0,0.021970705725699036,true,10,되돌림만,되돌림만,,,20260812,1,20260812,false,,제이앤티씨,KOSDAQ,유니버스 밖,지수>MA20,52주 고가 20%+ 아래,MA20 아래,당일 음봉,2.100311526479751,,20260812,-0.026497085320614677,-0.052994170641229466,0.01377848436671969,0.11287758346581866,,0.13142554319024913,-0.10333863275039745,true,,true
207940,20260122,20260122,1,true,1790000.0,3351,1790000,1778000.0,1778000.0,-0.006703910614525133,true,10,되돌림만,되돌림만,20260128,20260123,20260123,1,20260123,false,,삼성바이오로직스,KOSPI,비주도주,지수>MA20,52주 고가 5–20% 아래,MA20 아래,당일 음봉,3.0679412768863092,0.32562277580071175,20260123,0.002774694783573839,-0.006104328523862335,-0.03163152053274143,-0.074361820199778,-0.04106548279689237,0.009433962264151052,-0.09156492785793557,false,,false
207940,20260414,20260414,1,true,1530000.0,1416,1530000,1536000.0,1530000.0,0.0039215686274509665,false,10,되돌림만,되돌림만,20260423,20260423,20260415,1,20260415,false,,삼성바이오로직스,KOSPI,비주도주,지수>MA20,52주 고가 20%+ 아래,MA20 아래,당일 음봉,1.9310047434238895,0.0825242718446602,20260415,0.008739076154806513,0.001872659176029856,-0.025593008739076106,-0.08052434456928836,-0.11423220973782766,0.014357053682896304,-0.08114856429463169,false,,false
222080,20260407,20260407,1,true,11600.0,24124,12600,11740.0,11590.0,0.012068965517241459,true,10,되돌림만,되돌림만,,,20260408,1,20260408,false,,씨아이에스,KOSDAQ,비주도주,지수<MA20,52주 고가 20%+ 아래,MA20 아래,당일 음봉,1.813546015772758,0.7788617886178861,20260408,-0.04845115170770453,-0.060365369340746655,-0.006354249404289081,0.34471803018268465,0.3208895949166004,0.42573471008737096,-0.06910246227164418,true,,false
222800,20251110,20251111,2,false,50000.0,18761,50000,51900.0,50200.0,0.038000000000000034,false,10,되돌림만,되돌림만,20251114,20251114,20251112,1,20251112,false,,심텍,KOSDAQ,주도주(RS상위20%),지수>MA20,52주 고가 5–20% 아래,MA20 아래,당일 음봉,1.6301107616573225,0.9744094488188977,20251112,0.01132075471698113,0.05471698113207557,0.04528301886792452,0.01132075471698113,0.03584905660377369,0.11132075471698122,-0.08584905660377362,false,,false
222800,20260106,20260106,1,true,47850.0,41483,47850,48150.0,48000.0,0.006269592476489061,false,10,깸→되돌림(트릭),깸→되돌림(트릭),20260107,20260107,20260113,5,20260113,true,-0.11180773249738762,심텍,KOSDAQ,주도주(RS상위20%),지수>MA20,52주 고가 20%+ 아래,MA20 아래,당일 음봉,1.7332079622467444,0.8735177865612648,20260113,-0.006211180124223614,0.06832298136645965,0.019668737060041463,0.08695652173913038,0.08488612836438914,0.10559006211180133,-0.05590062111801242,false,true,false
222800,20260706,20260706,1,true,117900.0,10088,117000,118500.0,113300.0,0.0050890585241729624,true,10,깸→되돌림(트릭),깸→되돌림(트릭),20260707,20260707,20260710,4,20260710,true,-0.14673452078032234,심텍,KOSDAQ,주도주(RS상위20%),지수<MA20,52주 고가 20%+ 아래,MA20 아래,당일 음봉,1.9993101664223507,0.9247311827956989,20260710,-0.11898940505297473,-0.00896495517522411,-0.18907905460472696,-0.247758761206194,-0.055419722901385526,0.055419722901385526,-0.2917685411572942,false,false,false
237690,20250909,20250911,3,true,91100.0,5366,91100,91400.0,90900.0,0.003293084522502765,true,10,되돌림만,되돌림만,20250918,20250918,20250912,1,20250912,false,,에스티팜,KOSDAQ,비주도주,지수>MA20,52주 고가 20%+ 아래,MA20 아래,당일 음봉,1.8017948914627597,0.39709443099273606,20250912,0.0010504201680672232,-0.037815126050420145,-0.012605042016806678,-0.06617647058823528,0.01680672268907557,0.011554621848739455,-0.07563025210084029,false,,false
237690,20260102,20260102,1,true,114400.0,6344,114400,115000.0,112200.0,0.005244755244755206,true,10,깸→되돌림(트릭),되돌림만,20260105,20260105,20260105,1,20260105,false,-0.01660839160839156,에스티팜,KOSDAQ,비주도주,지수>MA20,52주 고가 5–20% 아래,MA20 아래,당일 음봉,1.853179190751445,0.5769230769230769,20260105,0.02100161550888524,0.035541195476575194,0.030694668820678617,-0.001615508885298822,0.239903069466882,0.07673667205169621,-0.030694668820678506,true,true,true
237690,20260417,20260417,1,true,140000.0,3864,140000,141000.0,140300.0,0.0071428571428571175,false,10,되돌림만,깸→되돌림(트릭),20260421,20260420,20260420,1,20260420,true,,에스티팜,KOSDAQ,비주도주,지수>MA20,52주 고가 5–20% 아래,MA20 아래,당일 음봉,2.868515419555343,0.5271317829457365,20260420,-0.042988019732205784,0.04298801973220567,0.18040873854827333,0.05708245243128962,-0.12050739957716705,0.2128259337561662,-0.047921071176885155,false,,false
240810,20260608,20260609,2,true,116300.0,15982,116300,119100.0,109500.0,0.024075666380051652,true,10,깸→되돌림(트릭),되돌림만,20260610,20260610,20260611,2,20260611,false,-0.018916595012897663,원익IPS,KOSDAQ,비주도주,지수<MA20,52주 고가 20%+ 아래,MA20 아래,당일 음봉,1.767219255046126,0.790273556231003,20260611,0.30000000000000004,0.10709219858156027,0.1574468085106382,0.09716312056737597,-0.2560283687943262,0.30000000000000004,0.014184397163120588,true,true,true
240810,20260713,20260714,2,true,125200.0,11223,125200,127100.0,114500.0,0.015175718849840258,true,10,되돌림만,되돌림만,20260720,20260720,20260715,1,20260715,false,,원익IPS,KOSDAQ,주도주(RS상위20%),지수<MA20,52주 고가 20%+ 아래,MA20 아래,당일 음봉,5.068401532194321,0.82,20260715,-0.014015416958654492,-0.18640504555010506,-0.20602662929222149,-0.4653118430273301,-0.15907498248072882,0.03784162578836714,-0.48072880168185006,false,,false
241560,20260624,20260625,2,true,61800.0,11928,61800,60100.0,59800.0,-0.027508090614886682,true,10,깸→되돌림(트릭),깸→되돌림(트릭),20260626,20260626,20260629,2,20260629,true,-0.06148867313915862,두산밥캣,KOSPI,비주도주,지수>MA20,52주 고가 20%+ 아래,MA20 아래,당일 음봉,1.8580676563640788,0.4123314065510597,20260629,-0.020634920634920673,0.00952380952380949,0.031746031746031855,-0.022222222222222254,-0.041269841269841234,0.05238095238095242,-0.07460317460317456,false,true,false
257720,20251024,20251027,2,true,43500.0,17234,43500,43850.0,43600.0,0.008045977011494232,false,10,되돌림만,되돌림만,20251105,20251105,20251028,1,20251028,false,,실리콘투,KOSDAQ,비주도주,지수>MA20,52주 고가 20%+ 아래,MA20 아래,당일 음봉,1.5562688821752266,0.4767676767676768,20251028,-0.037403740374037375,-0.00990099009900991,-0.01980198019801982,-0.09240924092409242,-0.015401540154015403,0.034103410341034035,-0.15291529152915295,false,,false
257720,20260203,20260206,4,false,40500.0,17217,40500,41300.0,40250.0,0.01975308641975304,true,10,되돌림만,되돌림만,,,20260209,1,20260209,false,,실리콘투,KOSDAQ,비주도주,지수>MA20,52주 고가 20%+ 아래,MA20 아래,당일 음봉,3.2419629860677897,0.07922272047832586,20260209,-0.016949152542372836,-0.025988700564971712,-0.001129943502824804,-0.04632768361581918,-0.17514124293785316,0.039548022598870025,-0.09830508474576272,false,,false
267260,20260602,20260605,3,true,950000.0,792,945000,956000.0,931000.0,0.006315789473684275,true,10,깸→되돌림(트릭),깸→되돌림(트릭),20260608,20260608,20260610,3,20260610,true,-0.111578947368421,HD현대일렉트릭,KOSPI,비주도주,지수>MA20,52주 고가 20%+ 아래,MA20 아래,당일 음봉,1.5462456992511637,0.5164051355206848,20260610,0.04766734279918872,0.21095334685598388,0.13590263691683568,-0.049695740365111596,-0.17444219066937117,0.23022312373225162,-0.07606490872210958,false,true,false
267270,20260618,20260619,2,false,136300.0,3187,136300,136700.0,133100.0,0.0029347028613353476,true,10,깸만,깸만,20260622,20260622,,,,false,,HD건설기계,KOSPI,비주도주,지수>MA20,52주 고가 20%+ 아래,MA20 아래,당일 음봉,1.5129569012547737,0.558983666061706,,,,,,,,,,,
271560,20260819,20260819,1,true,122500.0,1909,123600,124100.0,121300.0,0.013061224489795853,true,10,되돌림만,되돌림만,,,20260820,1,20260820,false,,오리온,KOSPI,비주도주,지수>MA20,52주 고가 5–20% 아래,MA20 아래,당일 양봉,4.651079136690647,0.549367088607595,20260820,0.006420545746388395,0.016853932584269593,0.01284109149277679,,,,,,,
278470,20260618,20260618,1,true,380000.0,4209,380000,378000.0,374500.0,-0.0052631578947368585,true,10,깸→되돌림(트릭),되돌림만,20260619,20260619,20260619,1,20260619,false,-0.014473684210526305,에이피알,KOSPI,비주도주,지수>MA20,52주 고가 20%+ 아래,MA20 아래,당일 음봉,2.136534042810497,0.6188747731397459,20260619,-0.03242542153047989,-0.03761348897535666,-0.05836575875486383,-0.0077821011673151474,-0.045395590142671804,0.1245136186770428,-0.11154345006485089,false,false,false
281820,20260720,20260720,1,true,92200.0,11127,92200,93400.0,90700.0,0.013015184381778733,true,10,되돌림만,되돌림만,20260722,20260722,20260721,1,20260721,false,,케이씨텍,KOSPI,주도주(RS상위20%),지수<MA20,52주 고가 20%+ 아래,MA20 아래,당일 음봉,3.350555335184451,0.9260143198090692,20260721,-0.13359920239282153,-0.25124626121635096,-0.34995014955134596,-0.3000997008973081,-0.33599202392821537,0.05682951146560322,-0.46660019940179465,false,,false
298380,20260721,20260721,1,true,69500.0,14740,69500,69300.0,67100.0,-0.0028776978417266452,true,10,깸→되돌림(트릭),되돌림만,20260722,20260722,20260722,1,20260722,false,-0.01726618705035976,에이비엘바이오,KOSDAQ,비주도주,지수<MA20,52주 고가 20%+ 아래,MA20 아래,당일 음봉,2.6709216005793954,0.021739130434782608,20260722,0.07060518731988474,0.04610951008645525,-0.08789625360230546,0.1556195965417868,0.1887608069164266,0.18731988472622474,-0.13832853025936598,false,false,false
307950,20260826,20260827,2,true,400000.0,2183,400000,413500.0,402000.0,0.03374999999999995,false,4,되돌림만,되돌림만,20260831,20260831,20260828,1,20260828,false,,현대오토에버,KOSPI,비주도주,지수>MA20,52주 고가 20%+ 아래,MA20 아래,당일 음봉,1.9098987394089688,0.5333333333333333,20260828,0.013221153846153744,-0.07331730769230771,,,,,,,,
322000,20260810,20260811,2,true,116800.0,4410,116800,118500.0,115100.0,0.014554794520547976,true,10,되돌림만,되돌림만,,,20260812,1,20260812,false,,HD현대에너지솔루션,KOSPI,주도주(RS상위20%),지수<MA20,52주 고가 20%+ 아래,MA20 아래,당일 음봉,1.8741636880212629,0.8490566037735849,20260812,0.022222222222222143,0.02551440329218102,0.14485596707818926,0.16872427983539096,,0.22469135802469142,-0.02716049382716046,true,,false
329180,20260127,20260202,5,true,550000.0,1979,550000,549000.0,543000.0,-0.0018181818181818299,true,10,되돌림만,되돌림만,20260205,20260205,20260203,1,20260203,false,,HD현대중공업,KOSPI,비주도주,지수>MA20,52주 고가 5–20% 아래,MA20 아래,당일 음봉,2.2951157177339203,0.3996710526315789,20260203,0.0017182130584192379,-0.07388316151202745,-0.08247422680412375,0.03436426116838498,-0.010309278350515427,0.03951890034364269,-0.11855670103092786,false,,false
336260,20260902,20260902,1,true,38000.0,72207,38000,38700.0,37950.0,0.018421052631578894,true,0,둘 다 없음,둘 다 없음,,,,,,false,,두산퓨얼셀,KOSPI,비주도주,지수<MA20,52주 고가 20%+ 아래,MA20 아래,당일 음봉,1.6640400115141047,0.5048543689320388,,,,,,,,,,,
353200,20260710,20260714,3,true,116500.0,5770,116500,117400.0,106300.0,0.007725321888411907,true,10,되돌림만,되돌림만,20260721,20260721,20260715,1,20260715,false,,대덕전자,KOSPI,주도주(RS상위20%),지수<MA20,52주 고가 20%+ 아래,MA20 아래,당일 양봉,1.9937213536761473,0.9223946784922394,20260715,-0.03631284916201116,-0.15851955307262566,-0.13966480446927376,-0.47974860335195535,-0.21089385474860334,0.009078212290502874,-0.49860335195530725,false,,false
356860,20260807,20260814,6,true,31050.0,5893,31050,31400.0,29500.0,0.011272141706924366,true,10,되돌림만,되돌림만,20260821,20260821,20260818,1,20260818,false,,티엘비,KOSDAQ,비주도주,지수>MA20,52주 고가 20%+ 아래,MA20 아래,당일 음봉,1.8837152805895214,0.5896739130434783,20260818,-0.01455604075691408,-0.09461426491994174,0.1266375545851528,0.19941775836972342,,0.24308588064046588,-0.10625909752547302,false,,false
381620,20260716,20260716,1,true,5580.0,19205,5580,5680.0,5340.0,0.017921146953405076,true,10,깸→되돌림(트릭),깸→되돌림(트릭),20260720,20260720,20260721,2,20260721,true,-0.10215053763440862,제닉스로보틱스,KOSDAQ,유니버스 밖,지수<MA20,52주 고가 20%+ 아래,MA20 아래,당일 양봉,1.680847099739163,,20260721,0.03547297297297303,-0.03547297297297303,-0.1385135135135135,0.016891891891891886,0.06756756756756754,0.16385135135135132,-0.22972972972972971,false,false,false
388720,20260828,20260902,4,true,63700.0,1296,63700,63200.0,62700.0,-0.00784929356357933,true,0,둘 다 없음,둘 다 없음,,,,,,false,,유일로보틱스,KOSDAQ,유니버스 밖,지수>MA20,52주 고가 20%+ 아래,MA20 아래,당일 음봉,1.6728395061728396,,,,,,,,,,,,
389500,20260618,20260619,2,true,52000.0,3653,52000,49850.0,48350.0,-0.04134615384615381,true,10,깸만,깸만,20260622,20260622,,,,false,,에스비비테크,KOSDAQ,비주도주,지수<MA20,52주 고가 20%+ 아래,MA20 아래,당일 음봉,1.791445519825164,0.5952813067150635,,,,,,,,,,,
389500,20260901,20260902,2,true,35000.0,2008,35000,35050.0,35050.0,0.0014285714285713347,false,0,둘 다 없음,둘 다 없음,,,,,,false,,에스비비테크,KOSDAQ,유니버스 밖,지수<MA20,52주 고가 20%+ 아래,MA20 아래,당일 음봉,1.7481541146462611,,,,,,,,,,,,
393890,20260720,20260720,1,true,7610.0,11292,7650,7520.0,7450.0,-0.01182654402102501,true,10,깸→되돌림(트릭),깸→되돌림(트릭),20260721,20260721,20260723,3,20260723,true,-0.05519053876478319,더블유씨피,KOSDAQ,유니버스 밖,지수<MA20,52주 고가 20%+ 아래,MA20 아래,당일 음봉,1.5203219315895373,,20260723,-0.06030150753768848,-0.1733668341708543,-0.2726130653266332,-0.06407035175879394,0.08040201005025116,-0.007537688442211032,-0.3065326633165829,false,false,false
402340,20260721,20260721,1,true,1240000.0,1575,1245000,1253000.0,1156000.0,0.010483870967741948,true,10,깸만,깸만,20260722,20260722,,,,false,,SK스퀘어,KOSPI,주도주(RS상위20%),지수<MA20,52주 고가 20%+ 아래,MA20 아래,당일 양봉,1.5632380139422393,0.9565217391304348,,,,,,,,,,,
403870,20260224,20260225,2,true,41000.0,96576,41000,41000.0,40950.0,0.0,true,10,되돌림만,되돌림만,20260304,20260304,20260226,1,20260226,false,,HPSP,KOSDAQ,비주도주,지수>MA20,52주 고가 5–20% 아래,MA20 아래,당일 음봉,3.083778421144583,0.5455801104972375,20260226,0.035796766743648956,-0.12355658198614317,0.10508083140877589,-0.01501154734411081,0.04272517321016167,0.12009237875288692,-0.12355658198614317,false,,false
403870,20260413,20260415,3,true,42000.0,54403,42000,42550.0,42050.0,0.013095238095238049,false,10,되돌림만,깸→되돌림(트릭),,20260416,20260416,1,20260416,true,,HPSP,KOSDAQ,비주도주,지수<MA20,52주 고가 20%+ 아래,MA20 아래,당일 음봉,2.0450015817779184,0.24098360655737705,20260416,0.007927519818799578,0.05549263873159682,0.1551528878822197,0.19139297848244619,0.18233295583238962,0.30011325028312563,-0.014722536806342057,true,,true
403870,20260528,20260602,4,true,44000.0,34290,44000,44150.0,43200.0,0.003409090909090917,true,10,깸→되돌림(트릭),되돌림만,20260604,20260604,20260604,1,20260604,false,-0.005681818181818232,HPSP,KOSDAQ,비주도주,지수<MA20,52주 고가 20%+ 아래,MA20 아래,당일 음봉,1.6593103020144644,0.6856745479833102,20260604,0.05894736842105264,0.19999999999999996,0.1578947368421053,0.2505263157894737,-0.07999999999999996,0.9368421052631579,-0.045263157894736894,true,true,true
437730,20260220,20260224,3,true,51400.0,10386,51400,53100.0,49800.0,0.0330739299610896,true,10,되돌림만,되돌림만,20260304,20260304,20260225,1,20260225,false,,삼현,KOSDAQ,주도주(RS상위20%),지수>MA20,52주 고가 20%+ 아래,MA20 아래,당일 음봉,1.8811785603954279,0.96398891966759,20260225,0.027874564459930307,-0.06794425087108014,-0.13675958188153314,-0.09581881533101044,-0.13675958188153314,0.06271777003484313,-0.2630662020905923,false,,false
440110,20260813,20260813,1,true,63100.0,5938,64000,63000.0,62200.0,-0.0015847860538826808,true,10,되돌림만,되돌림만,20260819,20260819,20260814,1,20260814,false,,파두,KOSDAQ,비주도주,지수>MA20,52주 고가 20%+ 아래,MA20 아래,당일 음봉,1.6335328617207812,0.7350649350649351,20260814,0.04274809160305337,0.006106870229007688,-0.05343511450381677,0.003053435114503733,,0.14961832061068692,-0.10534351145038168,false,,false
454910,20260721,20260721,1,true,61000.0,20734,61000,63900.0,59700.0,0.04754098360655745,true,10,되돌림만,되돌림만,20260728,20260728,20260722,1,20260722,false,,두산로보틱스,KOSPI,비주도주,지수<MA20,52주 고가 20%+ 아래,MA20 아래,당일 양봉,2.1119185449768034,0.057971014492753624,20260722,0.03254437869822491,-0.020710059171597628,-0.14940828402366868,0.0798816568047338,0.06952662721893499,0.08579881656804744,-0.19822485207100593,false,,false
454910,20260901,20260902,2,true,66000.0,14720,66000,66000.0,65900.0,0.0,true,0,둘 다 없음,둘 다 없음,,,,,,false,,두산로보틱스,KOSPI,비주도주,지수>MA20,52주 고가 20%+ 아래,MA20 아래,당일 음봉,1.5089633152625803,0.3078817733990148,,,,,,,,,,,
456040,20260716,20260721,3,true,83000.0,1105,83000,84600.0,82100.0,0.01927710843373487,true,10,깸→되돌림(트릭),깸→되돌림(트릭),20260722,20260722,20260723,2,20260723,true,-0.04457831325301209,OCI,KOSPI,유니버스 밖,지수<MA20,52주 고가 20%+ 아래,MA20 아래,당일 양봉,2.0965443534022086,,20260723,-0.13137032842582108,-0.24235560588901472,-0.29558323895809735,-0.13023782559456398,-0.0928652321630804,-0.03737259343148358,-0.33069082672706684,false,false,false
456040,20260810,20260810,1,true,75500.0,7073,75500,77400.0,74500.0,0.02516556291390737,true,10,되돌림만,되돌림만,,,20260811,1,20260811,false,,OCI,KOSPI,비주도주,지수<MA20,52주 고가 20%+ 아래,MA20 아래,당일 양봉,1.7297336632222384,0.5822102425876011,20260811,0.0050890585241729624,0.029262086513994978,0.013994910941475869,0.025445292620865034,,0.04452926208651409,-0.025445292620865145,true,,false
457550,20260721,20260721,1,true,13860.0,11012,13860,13900.0,13350.0,0.0028860028860029363,true,10,되돌림만,되돌림만,20260728,20260728,20260722,1,20260722,false,,우진엔텍,KOSDAQ,유니버스 밖,지수<MA20,52주 고가 20%+ 아래,MA20 아래,당일 양봉,2.076792388718994,,20260722,0.08609738884968232,0.03952011291460833,-0.160197600564573,0.050105857445307045,-0.04516584333098095,0.0931545518701482,-0.24135497529992944,false,,false
466100,20260716,20260721,3,true,21600.0,6488,21600,23250.0,21250.0,0.07638888888888884,true,10,되돌림만,되돌림만,20260729,20260729,20260722,1,20260722,false,,클로봇,KOSDAQ,비주도주,지수<MA20,52주 고가 20%+ 아래,MA20 아래,당일 음봉,1.9449493829897289,0.004672897196261682,20260722,0.04990019960079839,0.009980039920159722,-0.11576846307385225,0.1337325349301397,0.17564870259481036,0.13972055888223545,-0.19960079840319356,false,,false
475150,20260611,20260611,1,true,40500.0,61854,40500,40550.0,40050.0,0.0012345679012346622,true,10,깸→되돌림(트릭),깸→되돌림(트릭),20260612,20260612,20260612,1,20260612,true,-0.03456790123456788,SK이터닉스,KOSPI,주도주(RS상위20%),지수<MA20,52주 고가 20%+ 아래,MA20 아래,당일 음봉,2.8591582138276785,0.8082644628099174,20260612,0.13604651162790704,0.2186046511627906,0.0046511627906977715,0.0046511627906977715,-0.0034883720930232176,0.4395348837209303,-0.1523255813953488,false,false,false
483650,20260813,20260819,4,true,212500.0,5787,212500,218000.0,212500.0,0.025882352941176467,false,10,되돌림만,되돌림만,20260821,20260821,20260820,1,20260820,false,,달바글로벌,KOSPI,비주도주,지수>MA20,52주 고가 5–20% 아래,MA20 아래,당일 음봉,3.694904099285446,0.787012987012987,20260820,-0.0377777777777778,0.03555555555555556,-0.011111111111111072,,,,,,,
484810,20260825,20260831,5,true,13210.0,3383,12890,13780.0,12850.0,0.043149129447388246,true,2,깸만,깸만,20260902,20260902,,,,false,,티엑스알로보틱스,KOSDAQ,비주도주,지수>MA20,52주 고가 20%+ 아래,MA20 아래,당일 음봉,2.6975133123093626,0.4393939393939394,,,,,,,,,,,
950160,20260213,20260220,3,true,91200.0,5402,91200,90600.0,89950.0,-0.006578947368421018,true,10,깸→되돌림(트릭),되돌림만,20260223,20260223,20260223,1,20260223,false,-0.01206140350877194,코오롱티슈진,KOSDAQ,주도주(RS상위20%),지수>MA20,52주 고가 5–20% 아래,MA20 아래,당일 음봉,1.7246831586643918,0.8595505617977528,20260223,-0.005165289256198302,0.084710743801653,0.08574380165289264,0.04752066115702469,-0.039256198347107474,0.22830578512396693,-0.05991735537190079,false,true,true
